x,y,z,P
0.0,0.0,300.0,7.215510610128397e-09
0.0,0.0,259.8076211353316,7.215510610128397e-09
0.0,0.0,150.00000000000003,7.215510610128397e-09
0.0,0.0,1.8369701987210297e-14,7.215510610128397e-09
-0.0,0.0,-149.99999999999994,7.215510610128397e-09
-0.0,0.0,-259.80762113533154,7.215510610128397e-09
-0.0,0.0,-300.0,7.215510610128397e-09
-0.0,-0.0,-259.80762113533166,7.215510610128397e-09
-0.0,-0.0,-150.00000000000014,7.215510610128397e-09
-0.0,-0.0,-5.510910596163089e-14,7.215510610128397e-09
0.0,-0.0,149.9999999999998,7.215510610128397e-09
0.0,-0.0,259.8076211353315,7.215510610128397e-09
0.0,0.0,360.0,7.024299677643783e-09
0.0,0.0,311.7691453623979,7.024299677643783e-09
0.0,0.0,180.00000000000003,7.024299677643783e-09
0.0,0.0,2.2043642384652358e-14,7.024299677643783e-09
-0.0,0.0,-179.99999999999991,7.024299677643783e-09
-0.0,0.0,-311.76914536239786,7.024299677643783e-09
-0.0,0.0,-360.0,7.024299677643783e-09
-0.0,-0.0,-311.769145362398,7.024299677643783e-09
-0.0,-0.0,-180.00000000000017,7.024299677643783e-09
-0.0,-0.0,-6.613092715395707e-14,7.024299677643783e-09
0.0,-0.0,179.99999999999977,7.024299677643783e-09
0.0,-0.0,311.7691453623978,7.024299677643783e-09
0.0,0.0,240.0,6.295294328975569e-09
0.0,0.0,207.84609690826528,6.295294328975569e-09
0.0,0.0,120.00000000000003,6.295294328975569e-09
0.0,0.0,1.469576158976824e-14,6.295294328975569e-09
-0.0,0.0,-119.99999999999994,6.295294328975569e-09
-0.0,0.0,-207.84609690826522,6.295294328975569e-09
-0.0,0.0,-240.0,6.295294328975569e-09
-0.0,-0.0,-207.8460969082653,6.295294328975569e-09
-0.0,-0.0,-120.00000000000011,6.295294328975569e-09
-0.0,-0.0,-4.408728476930471e-14,6.295294328975569e-09
0.0,-0.0,119.99999999999984,6.295294328975569e-09
0.0,-0.0,207.84609690826522,6.295294328975569e-09
0.0,0.0,420.0,6.109436678251158e-09
0.0,0.0,363.73066958946424,6.109436678251158e-09
0.0,0.0,210.00000000000006,6.109436678251158e-09
0.0,0.0,2.5717582782094416e-14,6.109436678251158e-09
-0.0,0.0,-209.99999999999991,6.109436678251158e-09
-0.0,0.0,-363.7306695894642,6.109436678251158e-09
-0.0,0.0,-420.0,6.109436678251158e-09
-0.0,-0.0,-363.7306695894643,6.109436678251158e-09
-0.0,-0.0,-210.0000000000002,6.109436678251158e-09
-0.0,-0.0,-7.715274834628324e-14,6.109436678251158e-09
0.0,-0.0,209.99999999999972,6.109436678251158e-09
0.0,-0.0,363.7306695894641,6.109436678251158e-09
0.0,0.0,480.0,4.8930531536419e-09
0.0,0.0,415.69219381653056,4.8930531536419e-09
0.0,0.0,240.00000000000006,4.8930531536419e-09
0.0,0.0,2.939152317953648e-14,4.8930531536419e-09
-0.0,0.0,-239.9999999999999,4.8930531536419e-09
-0.0,0.0,-415.69219381653045,4.8930531536419e-09
-0.0,0.0,-480.0,4.8930531536419e-09
-0.0,-0.0,-415.6921938165306,4.8930531536419e-09
-0.0,-0.0,-240.00000000000023,4.8930531536419e-09
-0.0,-0.0,-8.817456953860942e-14,4.8930531536419e-09
0.0,-0.0,239.9999999999997,4.8930531536419e-09
0.0,-0.0,415.69219381653045,4.8930531536419e-09
77.64571353075623,0.0,300.0,4.666123624941703e-09
67.24316041260401,38.822856765378106,259.8076211353316,4.666123624941703e-09
38.82285676537812,67.24316041260401,150.00000000000003,4.666123624941703e-09
4.7544287271476474e-15,77.64571353075623,1.8369701987210297e-14,4.666123624941703e-09
-38.8228567653781,67.24316041260401,-149.99999999999994,4.666123624941703e-09
-67.243160412604,38.82285676537814,-259.80762113533154,4.666123624941703e-09
-77.64571353075623,9.508857454295293e-15,-300.0,4.666123624941703e-09
-67.24316041260403,-38.82285676537809,-259.80762113533166,4.666123624941703e-09
-38.82285676537815,-67.243160412604,-150.00000000000014,4.666123624941703e-09
-1.426328618144294e-14,-77.64571353075623,-5.510910596163089e-14,4.666123624941703e-09
38.82285676537806,-67.24316041260404,149.9999999999998,4.666123624941703e-09
67.24316041260398,-38.82285676537815,259.8076211353315,4.666123624941703e-09
77.64571353075631,0.0,300.0,4.666123624941697e-09
67.24316041260408,38.82285676537815,259.8076211353316,4.666123624941697e-09
38.82285676537816,67.24316041260408,150.00000000000003,4.666123624941697e-09
4.754428727147652e-15,77.64571353075631,1.8369701987210297e-14,4.666123624941697e-09
-38.82285676537814,67.24316041260408,-149.99999999999994,4.666123624941697e-09
-67.24316041260407,38.822856765378184,-259.80762113533154,4.666123624941697e-09
-77.64571353075631,9.508857454295304e-15,-300.0,4.666123624941697e-09
-67.2431604126041,-38.822856765378134,-259.80762113533166,4.666123624941697e-09
-38.82285676537819,-67.24316041260407,-150.00000000000014,4.666123624941697e-09
-1.4263286181442955e-14,-77.64571353075631,-5.510910596163089e-14,4.666123624941697e-09
38.822856765378106,-67.24316041260411,149.9999999999998,4.666123624941697e-09
67.24316041260407,-38.82285676537819,259.8076211353315,4.666123624941697e-09
93.17485623690746,0.0,360.0,4.5424714126975425e-09
80.69179249512482,46.58742811845372,311.7691453623979,4.5424714126975425e-09
46.58742811845374,80.69179249512482,180.00000000000003,4.5424714126975425e-09
5.705314472577176e-15,93.17485623690746,2.2043642384652358e-14,4.5424714126975425e-09
-46.58742811845371,80.69179249512482,-179.99999999999991,4.5424714126975425e-09
-80.69179249512479,46.587428118453765,-311.76914536239786,4.5424714126975425e-09
-93.17485623690746,1.1410628945154353e-14,-360.0,4.5424714126975425e-09
-80.69179249512482,-46.5874281184537,-311.769145362398,4.5424714126975425e-09
-46.58742811845377,-80.6917924951248,-180.00000000000017,4.5424714126975425e-09
-1.7115943417731528e-14,-93.17485623690746,-6.613092715395707e-14,4.5424714126975425e-09
46.587428118453666,-80.69179249512484,179.99999999999977,4.5424714126975425e-09
80.69179249512477,-46.58742811845378,311.7691453623978,4.5424714126975425e-09
93.17485623690757,0.0,360.0,4.542471412697537e-09
80.69179249512491,46.58742811845377,311.7691453623979,4.542471412697537e-09
46.58742811845379,80.6917924951249,180.00000000000003,4.542471412697537e-09
5.705314472577183e-15,93.17485623690757,2.2043642384652358e-14,4.542471412697537e-09
-46.587428118453765,80.6917924951249,-179.99999999999991,4.542471412697537e-09
-80.69179249512489,46.587428118453815,-311.76914536239786,4.542471412697537e-09
-93.17485623690757,1.1410628945154366e-14,-360.0,4.542471412697537e-09
-80.69179249512491,-46.58742811845375,-311.769145362398,4.542471412697537e-09
-46.58742811845383,-80.69179249512489,-180.00000000000017,4.542471412697537e-09
-1.7115943417731547e-14,-93.17485623690757,-6.613092715395707e-14,4.542471412697537e-09
46.58742811845372,-80.69179249512493,179.99999999999977,4.542471412697537e-09
80.69179249512487,-46.58742811845383,311.7691453623978,4.542471412697537e-09
0.0,0.0,180.0,4.242776118350324e-09
0.0,0.0,155.88457268119896,4.242776118350324e-09
0.0,0.0,90.00000000000001,4.242776118350324e-09
0.0,0.0,1.1021821192326179e-14,4.242776118350324e-09
-0.0,0.0,-89.99999999999996,4.242776118350324e-09
-0.0,0.0,-155.88457268119893,4.242776118350324e-09
-0.0,0.0,-180.0,4.242776118350324e-09
-0.0,-0.0,-155.884572681199,4.242776118350324e-09
-0.0,-0.0,-90.00000000000009,4.242776118350324e-09
-0.0,-0.0,-3.3065463576978534e-14,4.242776118350324e-09
0.0,-0.0,89.99999999999989,4.242776118350324e-09
0.0,-0.0,155.8845726811989,4.242776118350324e-09
62.11657082460498,0.0,240.0,4.071038514330689e-09
53.79452833008321,31.058285412302485,207.84609690826528,4.071038514330689e-09
31.058285412302496,53.7945283300832,120.00000000000003,4.071038514330689e-09
3.8035429817181175e-15,62.11657082460498,1.469576158976824e-14,4.071038514330689e-09
-31.058285412302475,53.79452833008321,-119.99999999999994,4.071038514330689e-09
-53.794528330083196,31.05828541230251,-207.84609690826522,4.071038514330689e-09
-62.11657082460498,7.607085963436237e-15,-240.0,4.071038514330689e-09
-53.79452833008322,-31.05828541230247,-207.8460969082653,4.071038514330689e-09
-31.058285412302517,-53.794528330083196,-120.00000000000011,4.071038514330689e-09
-1.1410628945154352e-14,-62.11657082460498,-4.408728476930471e-14,4.071038514330689e-09
31.058285412302446,-53.79452833008323,119.99999999999984,4.071038514330689e-09
53.79452833008319,-31.058285412302517,207.84609690826522,4.071038514330689e-09
62.11657082460504,0.0,240.0,4.071038514330684e-09
53.79452833008327,31.058285412302517,207.84609690826528,4.071038514330684e-09
31.058285412302528,53.79452833008326,120.00000000000003,4.071038514330684e-09
3.8035429817181214e-15,62.11657082460504,1.469576158976824e-14,4.071038514330684e-09
-31.058285412302507,53.79452833008327,-119.99999999999994,4.071038514330684e-09
-53.79452833008325,31.058285412302546,-207.84609690826522,4.071038514330684e-09
-62.11657082460504,7.607085963436244e-15,-240.0,4.071038514330684e-09
-53.794528330083274,-31.058285412302503,-207.8460969082653,4.071038514330684e-09
-31.05828541230255,-53.79452833008325,-120.00000000000011,4.071038514330684e-09
-1.1410628945154364e-14,-62.11657082460504,-4.408728476930471e-14,4.071038514330684e-09
31.058285412302478,-53.79452833008329,119.99999999999984,4.071038514330684e-09
53.794528330083246,-31.058285412302553,207.84609690826522,4.071038514330684e-09
108.7039989430587,0.0,420.0,3.950848160275357e-09
94.14042457764562,54.351999471529346,363.73066958946424,3.950848160275357e-09
54.35199947152937,94.1404245776456,210.00000000000006,3.950848160275357e-09
6.656200218006706e-15,108.7039989430587,2.5717582782094416e-14,3.950848160275357e-09
-54.35199947152933,94.14042457764562,-209.99999999999991,3.950848160275357e-09
-94.14042457764559,54.35199947152939,-363.7306695894642,3.950848160275357e-09
-108.7039989430587,1.3312400436013412e-14,-420.0,3.950848160275357e-09
-94.14042457764563,-54.351999471529325,-363.7306695894643,3.950848160275357e-09
-54.3519994715294,-94.1404245776456,-210.0000000000002,3.950848160275357e-09
-1.9968600654020114e-14,-108.7039989430587,-7.715274834628324e-14,3.950848160275357e-09
54.35199947152928,-94.14042457764566,209.99999999999972,3.950848160275357e-09
94.14042457764558,-54.3519994715294,363.7306695894641,3.950848160275357e-09
108.70399894305882,0.0,420.0,3.950848160275352e-09
94.14042457764572,54.3519994715294,363.73066958946424,3.950848160275352e-09
54.351999471529425,94.1404245776457,210.00000000000006,3.950848160275352e-09
6.656200218006713e-15,108.70399894305882,2.5717582782094416e-14,3.950848160275352e-09
-54.35199947152939,94.14042457764572,-209.99999999999991,3.950848160275352e-09
-94.14042457764569,54.35199947152945,-363.7306695894642,3.950848160275352e-09
-108.70399894305882,1.3312400436013426e-14,-420.0,3.950848160275352e-09
-94.14042457764573,-54.35199947152938,-363.7306695894643,3.950848160275352e-09
-54.35199947152946,-94.1404245776457,-210.0000000000002,3.950848160275352e-09
-1.9968600654020136e-14,-108.70399894305882,-7.715274834628324e-14,3.950848160275352e-09
54.35199947152934,-94.14042457764576,209.99999999999972,3.950848160275352e-09
94.14042457764567,-54.35199947152947,363.7306695894641,3.950848160275352e-09
0.0,0.0,540.0,3.679603312218243e-09
0.0,0.0,467.6537180435969,3.679603312218243e-09
0.0,0.0,270.00000000000006,3.679603312218243e-09
0.0,0.0,3.3065463576978534e-14,3.679603312218243e-09
-0.0,0.0,-269.9999999999999,3.679603312218243e-09
-0.0,0.0,-467.65371804359677,3.679603312218243e-09
-0.0,0.0,-540.0,3.679603312218243e-09
-0.0,-0.0,-467.65371804359694,3.679603312218243e-09
-0.0,-0.0,-270.0000000000002,3.679603312218243e-09
-0.0,-0.0,-9.919639073093561e-14,3.679603312218243e-09
0.0,-0.0,269.99999999999966,3.679603312218243e-09
0.0,-0.0,467.6537180435967,3.679603312218243e-09
124.23314164920995,0.0,480.0,3.1642377306264808e-09
107.58905666016642,62.11657082460497,415.69219381653056,3.1642377306264808e-09
62.11657082460499,107.5890566601664,240.00000000000006,3.1642377306264808e-09
7.607085963436235e-15,124.23314164920995,2.939152317953648e-14,3.1642377306264808e-09
-62.11657082460495,107.58905666016642,-239.9999999999999,3.1642377306264808e-09
-107.58905666016639,62.11657082460502,-415.69219381653045,3.1642377306264808e-09
-124.23314164920995,1.5214171926872473e-14,-480.0,3.1642377306264808e-09
-107.58905666016643,-62.11657082460494,-415.6921938165306,3.1642377306264808e-09
-62.116570824605034,-107.58905666016639,-240.00000000000023,3.1642377306264808e-09
-2.2821257890308703e-14,-124.23314164920995,-8.817456953860942e-14,3.1642377306264808e-09
62.11657082460489,-107.58905666016646,239.9999999999997,3.1642377306264808e-09
107.58905666016638,-62.116570824605034,415.69219381653045,3.1642377306264808e-09
124.23314164921008,0.0,480.0,3.1642377306264767e-09
107.58905666016653,62.116570824605034,415.69219381653056,3.1642377306264767e-09
62.116570824605056,107.58905666016652,240.00000000000006,3.1642377306264767e-09
7.607085963436243e-15,124.23314164921008,2.939152317953648e-14,3.1642377306264767e-09
-62.11657082460501,107.58905666016653,-239.9999999999999,3.1642377306264767e-09
-107.5890566601665,62.11657082460509,-415.69219381653045,3.1642377306264767e-09
-124.23314164921008,1.521417192687249e-14,-480.0,3.1642377306264767e-09
-107.58905666016655,-62.116570824605006,-415.6921938165306,3.1642377306264767e-09
-62.1165708246051,-107.5890566601665,-240.00000000000023,3.1642377306264767e-09
-2.282125789030873e-14,-124.23314164921008,-8.817456953860942e-14,3.1642377306264767e-09
62.116570824604956,-107.58905666016658,239.9999999999997,3.1642377306264767e-09
107.58905666016649,-62.116570824605105,415.69219381653045,3.1642377306264767e-09
46.58742811845373,0.0,180.0,2.743716827660602e-09
40.34589624756241,23.29371405922686,155.88457268119896,2.743716827660602e-09
23.29371405922687,40.34589624756241,90.00000000000001,2.743716827660602e-09
2.852657236288588e-15,46.58742811845373,1.1021821192326179e-14,2.743716827660602e-09
-23.293714059226854,40.34589624756241,-89.99999999999996,2.743716827660602e-09
-40.34589624756239,23.293714059226883,-155.88457268119893,2.743716827660602e-09
-46.58742811845373,5.705314472577177e-15,-180.0,2.743716827660602e-09
-40.34589624756241,-23.29371405922685,-155.884572681199,2.743716827660602e-09
-23.293714059226886,-40.3458962475624,-90.00000000000009,2.743716827660602e-09
-8.557971708865764e-15,-46.58742811845373,-3.3065463576978534e-14,2.743716827660602e-09
23.293714059226833,-40.34589624756242,89.99999999999989,2.743716827660602e-09
40.345896247562386,-23.29371405922689,155.8845726811989,2.743716827660602e-09
46.587428118453786,0.0,180.0,2.7437168276605982e-09
40.34589624756246,23.293714059226886,155.88457268119896,2.7437168276605982e-09
23.293714059226897,40.34589624756245,90.00000000000001,2.7437168276605982e-09
2.8526572362885915e-15,46.587428118453786,1.1021821192326179e-14,2.7437168276605982e-09
-23.293714059226883,40.34589624756245,-89.99999999999996,2.7437168276605982e-09
-40.34589624756244,23.293714059226907,-155.88457268119893,2.7437168276605982e-09
-46.587428118453786,5.705314472577183e-15,-180.0,2.7437168276605982e-09
-40.34589624756246,-23.293714059226875,-155.884572681199,2.7437168276605982e-09
-23.293714059226915,-40.34589624756244,-90.00000000000009,2.7437168276605982e-09
-8.557971708865774e-15,-46.587428118453786,-3.3065463576978534e-14,2.7437168276605982e-09
23.29371405922686,-40.345896247562465,89.99999999999989,2.7437168276605982e-09
40.345896247562436,-23.293714059226915,155.8845726811989,2.7437168276605982e-09
0.0,0.0,600.0,2.632945933474529e-09
0.0,0.0,519.6152422706632,2.632945933474529e-09
0.0,0.0,300.00000000000006,2.632945933474529e-09
0.0,0.0,3.6739403974420595e-14,2.632945933474529e-09
-0.0,0.0,-299.9999999999999,2.632945933474529e-09
-0.0,0.0,-519.6152422706631,2.632945933474529e-09
-0.0,0.0,-600.0,2.632945933474529e-09
-0.0,-0.0,-519.6152422706633,2.632945933474529e-09
-0.0,-0.0,-300.0000000000003,2.632945933474529e-09
-0.0,-0.0,-1.1021821192326178e-13,2.632945933474529e-09
0.0,-0.0,299.9999999999996,2.632945933474529e-09
0.0,-0.0,519.615242270663,2.632945933474529e-09
139.7622843553612,0.0,540.0,2.3795244540912343e-09
121.03768874268722,69.88114217768059,467.6537180435969,2.3795244540912343e-09
69.88114217768062,121.03768874268721,270.00000000000006,2.3795244540912343e-09
8.557971708865764e-15,139.7622843553612,3.3065463576978534e-14,2.3795244540912343e-09
-69.88114217768057,121.03768874268722,-269.9999999999999,2.3795244540912343e-09
-121.0376887426872,69.88114217768064,-467.65371804359677,2.3795244540912343e-09
-139.7622843553612,1.7115943417731528e-14,-540.0,2.3795244540912343e-09
-121.03768874268724,-69.88114217768056,-467.65371804359694,2.3795244540912343e-09
-69.88114217768066,-121.0376887426872,-270.0000000000002,2.3795244540912343e-09
-2.5673915126597292e-14,-139.7622843553612,-9.919639073093561e-14,2.3795244540912343e-09
69.8811421776805,-121.03768874268728,269.99999999999966,2.3795244540912343e-09
121.03768874268718,-69.88114217768066,467.6537180435967,2.3795244540912343e-09
139.76228435536134,0.0,540.0,2.379524454091232e-09
121.03768874268735,69.88114217768066,467.6537180435969,2.379524454091232e-09
69.88114217768069,121.03768874268734,270.00000000000006,2.379524454091232e-09
8.557971708865774e-15,139.76228435536134,3.3065463576978534e-14,2.379524454091232e-09
-69.88114217768064,121.03768874268735,-269.9999999999999,2.379524454091232e-09
-121.03768874268732,69.88114217768072,-467.65371804359677,2.379524454091232e-09
-139.76228435536134,1.7115943417731547e-14,-540.0,2.379524454091232e-09
-121.03768874268737,-69.88114217768063,-467.65371804359694,2.379524454091232e-09
-69.88114217768073,-121.03768874268732,-270.0000000000002,2.379524454091232e-09
-2.5673915126597318e-14,-139.76228435536134,-9.919639073093561e-14,2.379524454091232e-09
69.88114217768057,-121.03768874268741,269.99999999999966,2.379524454091232e-09
121.03768874268731,-69.88114217768073,467.6537180435967,2.379524454091232e-09
0.0,0.0,660.0,1.8097711449557298e-09
0.0,0.0,571.5767664977295,1.8097711449557298e-09
0.0,0.0,330.00000000000006,1.8097711449557298e-09
0.0,0.0,4.0413344371862656e-14,1.8097711449557298e-09
-0.0,0.0,-329.99999999999983,1.8097711449557298e-09
-0.0,0.0,-571.5767664977294,1.8097711449557298e-09
-0.0,0.0,-660.0,1.8097711449557298e-09
-0.0,-0.0,-571.5767664977296,1.8097711449557298e-09
-0.0,-0.0,-330.0000000000003,1.8097711449557298e-09
-0.0,-0.0,-1.2124003311558795e-13,1.8097711449557298e-09
0.0,-0.0,329.99999999999955,1.8097711449557298e-09
0.0,-0.0,571.5767664977293,1.8097711449557298e-09
0.0,0.0,120.0,1.785147481932729e-09
0.0,0.0,103.92304845413264,1.785147481932729e-09
0.0,0.0,60.000000000000014,1.785147481932729e-09
0.0,0.0,7.34788079488412e-15,1.785147481932729e-09
-0.0,0.0,-59.99999999999997,1.785147481932729e-09
-0.0,0.0,-103.92304845413261,1.785147481932729e-09
-0.0,0.0,-120.0,1.785147481932729e-09
-0.0,-0.0,-103.92304845413265,1.785147481932729e-09
-0.0,-0.0,-60.00000000000006,1.785147481932729e-09
-0.0,-0.0,-2.2043642384652355e-14,1.785147481932729e-09
0.0,-0.0,59.99999999999992,1.785147481932729e-09
0.0,-0.0,103.92304845413261,1.785147481932729e-09
155.29142706151245,0.0,600.0,1.7026724631427113e-09
134.48632082520803,77.64571353075621,519.6152422706632,1.7026724631427113e-09
77.64571353075624,134.48632082520803,300.00000000000006,1.7026724631427113e-09
9.508857454295295e-15,155.29142706151245,3.6739403974420595e-14,1.7026724631427113e-09
-77.6457135307562,134.48632082520803,-299.9999999999999,1.7026724631427113e-09
-134.486320825208,77.64571353075628,-519.6152422706631,1.7026724631427113e-09
-155.29142706151245,1.9017714908590587e-14,-600.0,1.7026724631427113e-09
-134.48632082520805,-77.64571353075618,-519.6152422706633,1.7026724631427113e-09
-77.6457135307563,-134.486320825208,-300.0000000000003,1.7026724631427113e-09
-2.852657236288588e-14,-155.29142706151245,-1.1021821192326178e-13,1.7026724631427113e-09
77.64571353075613,-134.48632082520808,299.9999999999996,1.7026724631427113e-09
134.48632082520797,-77.6457135307563,519.615242270663,1.7026724631427113e-09
155.29142706151262,0.0,600.0,1.7026724631427097e-09
134.48632082520817,77.6457135307563,519.6152422706632,1.7026724631427097e-09
77.64571353075632,134.48632082520817,300.00000000000006,1.7026724631427097e-09
9.508857454295304e-15,155.29142706151262,3.6739403974420595e-14,1.7026724631427097e-09
-77.64571353075628,134.48632082520817,-299.9999999999999,1.7026724631427097e-09
-134.48632082520814,77.64571353075637,-519.6152422706631,1.7026724631427097e-09
-155.29142706151262,1.901771490859061e-14,-600.0,1.7026724631427097e-09
-134.4863208252082,-77.64571353075627,-519.6152422706633,1.7026724631427097e-09
-77.64571353075638,-134.48632082520814,-300.0000000000003,1.7026724631427097e-09
-2.852657236288591e-14,-155.29142706151262,-1.1021821192326178e-13,1.7026724631427097e-09
77.64571353075621,-134.48632082520822,299.9999999999996,1.7026724631427097e-09
134.48632082520814,-77.64571353075638,519.615242270663,1.7026724631427097e-09
259.8076211353316,0.0,300.0,1.3810938277198888e-09
225.00000000000003,129.90381056766577,259.8076211353316,1.3810938277198888e-09
129.90381056766583,225.00000000000003,150.00000000000003,1.3810938277198888e-09
1.5908628580873603e-14,259.8076211353316,1.8369701987210297e-14,1.3810938277198888e-09
-129.90381056766574,225.00000000000003,-149.99999999999994,1.3810938277198888e-09
-224.99999999999997,129.90381056766591,-259.80762113533154,1.3810938277198888e-09
-259.8076211353316,3.1817257161747206e-14,-300.0,1.3810938277198888e-09
-225.00000000000006,-129.90381056766574,-259.80762113533166,1.3810938277198888e-09
-129.90381056766591,-224.99999999999997,-150.00000000000014,1.3810938277198888e-09
-4.7725885742620805e-14,-259.8076211353316,-5.510910596163089e-14,1.3810938277198888e-09
129.90381056766563,-225.0000000000001,149.9999999999998,1.3810938277198888e-09
224.99999999999994,-129.90381056766594,259.8076211353315,1.3810938277198888e-09
259.8076211353316,0.0,300.0,1.3810938277198884e-09
225.00000000000003,129.90381056766577,259.8076211353316,1.3810938277198884e-09
129.90381056766583,225.0,150.00000000000003,1.3810938277198884e-09
1.5908628580873603e-14,259.8076211353316,1.8369701987210297e-14,1.3810938277198884e-09
-129.90381056766574,225.0,-149.99999999999994,1.3810938277198884e-09
-224.99999999999997,129.9038105676659,-259.80762113533154,1.3810938277198884e-09
-259.8076211353316,3.1817257161747206e-14,-300.0,1.3810938277198884e-09
-225.00000000000006,-129.90381056766572,-259.80762113533166,1.3810938277198884e-09
-129.90381056766591,-224.99999999999994,-150.00000000000014,1.3810938277198884e-09
-4.7725885742620805e-14,-259.8076211353316,-5.510910596163089e-14,1.3810938277198884e-09
129.90381056766563,-225.00000000000009,149.9999999999998,1.3810938277198884e-09
224.99999999999994,-129.90381056766591,259.8076211353315,1.3810938277198884e-09
311.7691453623979,0.0,360.0,1.3444948601740058e-09
270.0,155.88457268119893,311.7691453623979,1.3444948601740058e-09
155.884572681199,270.0,180.00000000000003,1.3444948601740058e-09
1.9090354297048325e-14,311.7691453623979,2.2043642384652358e-14,1.3444948601740058e-09
-155.8845726811989,270.0,-179.99999999999991,1.3444948601740058e-09
-269.99999999999994,155.88457268119907,-311.76914536239786,1.3444948601740058e-09
-311.7691453623979,3.818070859409665e-14,-360.0,1.3444948601740058e-09
-270.00000000000006,-155.88457268119888,-311.769145362398,1.3444948601740058e-09
-155.8845726811991,-270.0,-180.00000000000017,1.3444948601740058e-09
-5.727106289114497e-14,-311.7691453623979,-6.613092715395707e-14,1.3444948601740058e-09
155.88457268119876,-270.0000000000001,179.99999999999977,1.3444948601740058e-09
269.99999999999994,-155.8845726811991,311.7691453623978,1.3444948601740058e-09
311.7691453623979,0.0,360.0,1.3444948601740048e-09
270.0,155.88457268119893,311.7691453623979,1.3444948601740048e-09
155.884572681199,270.0,180.00000000000003,1.3444948601740048e-09
1.9090354297048325e-14,311.7691453623979,2.2043642384652358e-14,1.3444948601740048e-09
-155.8845726811989,270.0,-179.99999999999991,1.3444948601740048e-09
-269.99999999999994,155.88457268119905,-311.76914536239786,1.3444948601740048e-09
-311.7691453623979,3.8180708594096644e-14,-360.0,1.3444948601740048e-09
-270.00000000000006,-155.88457268119885,-311.769145362398,1.3444948601740048e-09
-155.8845726811991,-269.99999999999994,-180.00000000000017,1.3444948601740048e-09
-5.727106289114497e-14,-311.7691453623979,-6.613092715395707e-14,1.3444948601740048e-09
155.88457268119876,-270.0000000000001,179.99999999999977,1.3444948601740048e-09
269.99999999999994,-155.8845726811991,311.7691453623978,1.3444948601740048e-09
207.84609690826528,0.0,240.0,1.2049586801554809e-09
180.00000000000003,103.92304845413263,207.84609690826528,1.2049586801554809e-09
103.92304845413267,180.0,120.00000000000003,1.2049586801554809e-09
1.2726902864698884e-14,207.84609690826528,1.469576158976824e-14,1.2049586801554809e-09
-103.9230484541326,180.00000000000003,-119.99999999999994,1.2049586801554809e-09
-179.99999999999997,103.92304845413273,-207.84609690826522,1.2049586801554809e-09
-207.84609690826528,2.545380572939777e-14,-240.0,1.2049586801554809e-09
-180.00000000000003,-103.92304845413258,-207.8460969082653,1.2049586801554809e-09
-103.92304845413273,-179.99999999999997,-120.00000000000011,1.2049586801554809e-09
-3.8180708594096644e-14,-207.84609690826528,-4.408728476930471e-14,1.2049586801554809e-09
103.9230484541325,-180.00000000000009,119.99999999999984,1.2049586801554809e-09
179.99999999999994,-103.92304845413274,207.84609690826522,1.2049586801554809e-09
207.84609690826525,0.0,240.0,1.2049586801554798e-09
180.0,103.92304845413263,207.84609690826528,1.2049586801554798e-09
103.92304845413265,179.99999999999997,120.00000000000003,1.2049586801554798e-09
1.2726902864698882e-14,207.84609690826525,1.469576158976824e-14,1.2049586801554798e-09
-103.92304845413258,180.0,-119.99999999999994,1.2049586801554798e-09
-179.99999999999994,103.92304845413271,-207.84609690826522,1.2049586801554798e-09
-207.84609690826525,2.5453805729397767e-14,-240.0,1.2049586801554798e-09
-180.00000000000003,-103.92304845413257,-207.8460969082653,1.2049586801554798e-09
-103.92304845413271,-179.99999999999994,-120.00000000000011,1.2049586801554798e-09
-3.8180708594096644e-14,-207.84609690826525,-4.408728476930471e-14,1.2049586801554798e-09
103.92304845413248,-180.00000000000006,119.99999999999984,1.2049586801554798e-09
179.99999999999991,-103.92304845413273,207.84609690826522,1.2049586801554798e-09
0.0,0.0,720.0,1.2033414618987451e-09
0.0,0.0,623.5382907247958,1.2033414618987451e-09
0.0,0.0,360.00000000000006,1.2033414618987451e-09
0.0,0.0,4.4087284769304716e-14,1.2033414618987451e-09
-0.0,0.0,-359.99999999999983,1.2033414618987451e-09
-0.0,0.0,-623.5382907247957,1.2033414618987451e-09
-0.0,0.0,-720.0,1.2033414618987451e-09
-0.0,-0.0,-623.538290724796,1.2033414618987451e-09
-0.0,-0.0,-360.00000000000034,1.2033414618987451e-09
-0.0,-0.0,-1.3226185430791414e-13,1.2033414618987451e-09
0.0,-0.0,359.99999999999955,1.2033414618987451e-09
0.0,-0.0,623.5382907247956,1.2033414618987451e-09
170.8205697676637,0.0,660.0,1.1703421076482153e-09
147.93495290772884,85.41028488383184,571.5767664977295,1.1703421076482153e-09
85.41028488383186,147.9349529077288,330.00000000000006,1.1703421076482153e-09
1.0459743199724824e-14,170.8205697676637,4.0413344371862656e-14,1.1703421076482153e-09
-85.4102848838318,147.9349529077288,-329.99999999999983,1.1703421076482153e-09
-147.9349529077288,85.4102848838319,-571.5767664977294,1.1703421076482153e-09
-170.8205697676637,2.0919486399449648e-14,-660.0,1.1703421076482153e-09
-147.93495290772887,-85.4102848838318,-571.5767664977296,1.1703421076482153e-09
-85.41028488383192,-147.93495290772879,-330.0000000000003,1.1703421076482153e-09
-3.137922959917447e-14,-170.8205697676637,-1.2124003311558795e-13,1.1703421076482153e-09
85.41028488383174,-147.93495290772887,329.99999999999955,1.1703421076482153e-09
147.93495290772879,-85.41028488383192,571.5767664977293,1.1703421076482153e-09
170.82056976766387,0.0,660.0,1.170342107648214e-09
147.93495290772898,85.41028488383192,571.5767664977295,1.170342107648214e-09
85.41028488383195,147.93495290772898,330.00000000000006,1.170342107648214e-09
1.0459743199724835e-14,170.82056976766387,4.0413344371862656e-14,1.170342107648214e-09
-85.41028488383189,147.93495290772898,-329.99999999999983,1.170342107648214e-09
-147.93495290772896,85.41028488383199,-571.5767664977294,1.170342107648214e-09
-170.82056976766387,2.091948639944967e-14,-660.0,1.170342107648214e-09
-147.934952907729,-85.41028488383189,-571.5767664977296,1.170342107648214e-09
-85.410284883832,-147.93495290772896,-330.0000000000003,1.170342107648214e-09
-3.13792295991745e-14,-170.82056976766387,-1.2124003311558795e-13,1.170342107648214e-09
85.41028488383182,-147.93495290772904,329.99999999999955,1.170342107648214e-09
147.93495290772893,-85.410284883832,571.5767664977293,1.170342107648214e-09
363.73066958946424,0.0,420.0,1.1693843641965111e-09
315.00000000000006,181.8653347947321,363.73066958946424,1.1693843641965111e-09
181.86533479473215,315.0,210.00000000000006,1.1693843641965111e-09
2.2272080013223045e-14,363.73066958946424,2.5717582782094416e-14,1.1693843641965111e-09
-181.86533479473204,315.00000000000006,-209.99999999999991,1.1693843641965111e-09
-314.99999999999994,181.86533479473226,-363.7306695894642,1.1693843641965111e-09
-363.73066958946424,4.454416002644609e-14,-420.0,1.1693843641965111e-09
-315.00000000000006,-181.86533479473204,-363.7306695894643,1.1693843641965111e-09
-181.8653347947323,-315.0,-210.0000000000002,1.1693843641965111e-09
-6.681624003966913e-14,-363.73066958946424,-7.715274834628324e-14,1.1693843641965111e-09
181.86533479473187,-315.00000000000017,209.99999999999972,1.1693843641965111e-09
314.9999999999999,-181.8653347947323,363.7306695894641,1.1693843641965111e-09
363.7306695894642,0.0,420.0,1.1693843641965107e-09
315.0,181.8653347947321,363.73066958946424,1.1693843641965107e-09
181.86533479473212,314.99999999999994,210.00000000000006,1.1693843641965107e-09
2.227208001322304e-14,363.7306695894642,2.5717582782094416e-14,1.1693843641965107e-09
-181.865334794732,315.0,-209.99999999999991,1.1693843641965107e-09
-314.9999999999999,181.86533479473223,-363.7306695894642,1.1693843641965107e-09
-363.7306695894642,4.454416002644608e-14,-420.0,1.1693843641965107e-09
-315.0,-181.865334794732,-363.7306695894643,1.1693843641965107e-09
-181.86533479473226,-314.99999999999994,-210.0000000000002,1.1693843641965107e-09
-6.681624003966912e-14,-363.7306695894642,-7.715274834628324e-14,1.1693843641965107e-09
181.86533479473184,-315.0000000000001,209.99999999999972,1.1693843641965107e-09
314.9999999999999,-181.8653347947323,363.7306695894641,1.1693843641965107e-09
31.05828541230249,0.0,120.0,1.1544184867193028e-09
26.897264165041605,15.529142706151243,103.92304845413264,1.1544184867193028e-09
15.529142706151248,26.8972641650416,60.000000000000014,1.1544184867193028e-09
1.9017714908590587e-15,31.05828541230249,7.34788079488412e-15,1.1544184867193028e-09
-15.529142706151237,26.897264165041605,-59.99999999999997,1.1544184867193028e-09
-26.897264165041598,15.529142706151255,-103.92304845413261,1.1544184867193028e-09
-31.05828541230249,3.803542981718118e-15,-120.0,1.1544184867193028e-09
-26.89726416504161,-15.529142706151235,-103.92304845413265,1.1544184867193028e-09
-15.529142706151259,-26.897264165041598,-60.00000000000006,1.1544184867193028e-09
-5.705314472577176e-15,-31.05828541230249,-2.2043642384652355e-14,1.1544184867193028e-09
15.529142706151223,-26.897264165041616,59.99999999999992,1.1544184867193028e-09
26.897264165041594,-15.529142706151259,103.92304845413261,1.1544184867193028e-09
31.05828541230252,0.0,120.0,1.1544184867193015e-09
26.897264165041634,15.529142706151259,103.92304845413264,1.1544184867193015e-09
15.529142706151264,26.89726416504163,60.000000000000014,1.1544184867193015e-09
1.9017714908590607e-15,31.05828541230252,7.34788079488412e-15,1.1544184867193015e-09
-15.529142706151253,26.897264165041634,-59.99999999999997,1.1544184867193015e-09
-26.897264165041626,15.529142706151273,-103.92304845413261,1.1544184867193015e-09
-31.05828541230252,3.803542981718122e-15,-120.0,1.1544184867193015e-09
-26.897264165041637,-15.529142706151251,-103.92304845413265,1.1544184867193015e-09
-15.529142706151275,-26.897264165041626,-60.00000000000006,1.1544184867193015e-09
-5.705314472577182e-15,-31.05828541230252,-2.2043642384652355e-14,1.1544184867193015e-09
15.529142706151239,-26.897264165041644,59.99999999999992,1.1544184867193015e-09
26.897264165041623,-15.529142706151276,103.92304845413261,1.1544184867193015e-09
415.69219381653056,0.0,480.0,9.365609551892702e-10
360.00000000000006,207.84609690826525,415.69219381653056,9.365609551892702e-10
207.84609690826534,360.0,240.00000000000006,9.365609551892702e-10
2.5453805729397767e-14,415.69219381653056,2.939152317953648e-14,9.365609551892702e-10
-207.8460969082652,360.00000000000006,-239.9999999999999,9.365609551892702e-10
-359.99999999999994,207.84609690826545,-415.69219381653045,9.365609551892702e-10
-415.69219381653056,5.090761145879554e-14,-480.0,9.365609551892702e-10
-360.00000000000006,-207.84609690826517,-415.6921938165306,9.365609551892702e-10
-207.84609690826545,-359.99999999999994,-240.00000000000023,9.365609551892702e-10
-7.636141718819329e-14,-415.69219381653056,-8.817456953860942e-14,9.365609551892702e-10
207.846096908265,-360.00000000000017,239.9999999999997,9.365609551892702e-10
359.9999999999999,-207.84609690826548,415.69219381653045,9.365609551892702e-10
415.6921938165305,0.0,480.0,9.365609551892694e-10
360.0,207.84609690826525,415.69219381653056,9.365609551892694e-10
207.8460969082653,359.99999999999994,240.00000000000006,9.365609551892694e-10
2.5453805729397764e-14,415.6921938165305,2.939152317953648e-14,9.365609551892694e-10
-207.84609690826517,360.0,-239.9999999999999,9.365609551892694e-10
-359.9999999999999,207.84609690826542,-415.69219381653045,9.365609551892694e-10
-415.6921938165305,5.0907611458795534e-14,-480.0,9.365609551892694e-10
-360.00000000000006,-207.84609690826514,-415.6921938165306,9.365609551892694e-10
-207.84609690826542,-359.9999999999999,-240.00000000000023,9.365609551892694e-10
-7.636141718819329e-14,-415.6921938165305,-8.817456953860942e-14,9.365609551892694e-10
207.84609690826497,-360.0000000000001,239.9999999999997,9.365609551892694e-10
359.99999999999983,-207.84609690826545,415.69219381653045,9.365609551892694e-10
289.7777478867205,0.0,300.0,8.58251685937852e-10
250.95489112134237,144.8888739433602,259.8076211353316,8.58251685937852e-10
144.88887394336027,250.95489112134234,150.00000000000003,8.58251685937852e-10
1.7743769570680046e-14,289.7777478867205,1.8369701987210297e-14,8.58251685937852e-10
-144.88887394336018,250.95489112134234,-149.99999999999994,8.58251685937852e-10
-250.9548911213423,144.88887394336035,-259.80762113533154,8.58251685937852e-10
-289.7777478867205,3.548753914136009e-14,-300.0,8.58251685937852e-10
-250.9548911213424,-144.88887394336015,-259.80762113533166,8.58251685937852e-10
-144.88887394336038,-250.9548911213423,-150.00000000000014,8.58251685937852e-10
-5.3231308712040137e-14,-289.7777478867205,-5.510910596163089e-14,8.58251685937852e-10
144.88887394336004,-250.95489112134246,149.9999999999998,8.58251685937852e-10
250.95489112134229,-144.88887394336038,259.8076211353315,8.58251685937852e-10
289.7777478867205,0.0,300.0,8.582516859378509e-10
250.95489112134237,144.8888739433602,259.8076211353316,8.582516859378509e-10
144.88887394336027,250.9548911213424,150.00000000000003,8.582516859378509e-10
1.7743769570680046e-14,289.7777478867205,1.8369701987210297e-14,8.582516859378509e-10
-144.88887394336018,250.9548911213424,-149.99999999999994,8.582516859378509e-10
-250.9548911213423,144.88887394336035,-259.80762113533154,8.582516859378509e-10
-289.7777478867205,3.548753914136009e-14,-300.0,8.582516859378509e-10
-250.9548911213424,-144.88887394336015,-259.80762113533166,8.582516859378509e-10
-144.88887394336038,-250.95489112134234,-150.00000000000014,8.582516859378509e-10
-5.3231308712040137e-14,-289.7777478867205,-5.510910596163089e-14,8.582516859378509e-10
144.88887394336004,-250.95489112134248,149.9999999999998,8.582516859378509e-10
250.95489112134229,-144.88887394336038,259.8076211353315,8.582516859378509e-10
347.73329746406455,0.0,360.0,8.355080279984801e-10
301.14586934561083,173.86664873203225,311.7691453623979,8.355080279984801e-10
173.8666487320323,301.14586934561083,180.00000000000003,8.355080279984801e-10
2.1292523484816053e-14,347.73329746406455,2.2043642384652358e-14,8.355080279984801e-10
-173.8666487320322,301.14586934561083,-179.99999999999991,8.355080279984801e-10
-301.1458693456108,173.8666487320324,-311.76914536239786,8.355080279984801e-10
-347.73329746406455,4.258504696963211e-14,-360.0,8.355080279984801e-10
-301.1458693456109,-173.86664873203216,-311.769145362398,8.355080279984801e-10
-173.86664873203242,-301.1458693456108,-180.00000000000017,8.355080279984801e-10
-6.387757045444816e-14,-347.73329746406455,-6.613092715395707e-14,8.355080279984801e-10
173.86664873203205,-301.14586934561095,179.99999999999977,8.355080279984801e-10
301.1458693456107,-173.86664873203244,311.7691453623978,8.355080279984801e-10
347.7332974640646,0.0,360.0,8.355080279984791e-10
301.1458693456109,173.86664873203227,311.7691453623979,8.355080279984791e-10
173.86664873203233,301.1458693456109,180.00000000000003,8.355080279984791e-10
2.129252348481606e-14,347.7332974640646,2.2043642384652358e-14,8.355080279984791e-10
-173.86664873203222,301.1458693456109,-179.99999999999991,8.355080279984791e-10
-301.14586934561083,173.86664873203242,-311.76914536239786,8.355080279984791e-10
-347.7332974640646,4.258504696963211e-14,-360.0,8.355080279984791e-10
-301.14586934561095,-173.8666487320322,-311.769145362398,8.355080279984791e-10
-173.86664873203244,-301.14586934561083,-180.00000000000017,8.355080279984791e-10
-6.387757045444817e-14,-347.7332974640646,-6.613092715395707e-14,8.355080279984791e-10
173.86664873203208,-301.14586934561095,179.99999999999977,8.355080279984791e-10
301.1458693456108,-173.86664873203247,311.7691453623978,8.355080279984791e-10
155.88457268119896,0.0,180.0,8.12093866402992e-10
135.0,77.94228634059947,155.88457268119896,8.12093866402992e-10
77.9422863405995,135.0,90.00000000000001,8.12093866402992e-10
9.545177148524163e-15,155.88457268119896,1.1021821192326179e-14,8.12093866402992e-10
-77.94228634059945,135.0,-89.99999999999996,8.12093866402992e-10
-134.99999999999997,77.94228634059954,-155.88457268119893,8.12093866402992e-10
-155.88457268119896,1.9090354297048325e-14,-180.0,8.12093866402992e-10
-135.00000000000003,-77.94228634059944,-155.884572681199,8.12093866402992e-10
-77.94228634059955,-135.0,-90.00000000000009,8.12093866402992e-10
-2.8635531445572483e-14,-155.88457268119896,-3.3065463576978534e-14,8.12093866402992e-10
77.94228634059938,-135.00000000000006,89.99999999999989,8.12093866402992e-10
134.99999999999997,-77.94228634059955,155.8845726811989,8.12093866402992e-10
155.88457268119896,0.0,180.0,8.120938664029914e-10
135.0,77.94228634059947,155.88457268119896,8.120938664029914e-10
77.9422863405995,135.0,90.00000000000001,8.120938664029914e-10
9.545177148524163e-15,155.88457268119896,1.1021821192326179e-14,8.120938664029914e-10
-77.94228634059945,135.0,-89.99999999999996,8.120938664029914e-10
-134.99999999999997,77.94228634059952,-155.88457268119893,8.120938664029914e-10
-155.88457268119896,1.9090354297048322e-14,-180.0,8.120938664029914e-10
-135.00000000000003,-77.94228634059942,-155.884572681199,8.120938664029914e-10
-77.94228634059955,-134.99999999999997,-90.00000000000009,8.120938664029914e-10
-2.8635531445572483e-14,-155.88457268119896,-3.3065463576978534e-14,8.120938664029914e-10
77.94228634059938,-135.00000000000006,89.99999999999989,8.120938664029914e-10
134.99999999999997,-77.94228634059955,155.8845726811989,8.120938664029914e-10
186.34971247381492,0.0,720.0,7.781763935536232e-10
161.38358499024963,93.17485623690744,623.5382907247958,7.781763935536232e-10
93.17485623690747,161.38358499024963,360.00000000000006,7.781763935536232e-10
1.1410628945154352e-14,186.34971247381492,4.4087284769304716e-14,7.781763935536232e-10
-93.17485623690742,161.38358499024963,-359.99999999999983,7.781763935536232e-10
-161.38358499024957,93.17485623690753,-623.5382907247957,7.781763935536232e-10
-186.34971247381492,2.2821257890308706e-14,-720.0,7.781763935536232e-10
-161.38358499024963,-93.1748562369074,-623.538290724796,7.781763935536232e-10
-93.17485623690754,-161.3835849902496,-360.00000000000034,7.781763935536232e-10
-3.4231886835463057e-14,-186.34971247381492,-1.3226185430791414e-13,7.781763935536232e-10
93.17485623690733,-161.3835849902497,359.99999999999955,7.781763935536232e-10
161.38358499024955,-93.17485623690756,623.5382907247956,7.781763935536232e-10
186.34971247381515,0.0,720.0,7.781763935536224e-10
161.38358499024983,93.17485623690754,623.5382907247958,7.781763935536224e-10
93.17485623690759,161.3835849902498,360.00000000000006,7.781763935536224e-10
1.1410628945154366e-14,186.34971247381515,4.4087284769304716e-14,7.781763935536224e-10
-93.17485623690753,161.3835849902498,-359.99999999999983,7.781763935536224e-10
-161.38358499024977,93.17485623690763,-623.5382907247957,7.781763935536224e-10
-186.34971247381515,2.2821257890308732e-14,-720.0,7.781763935536224e-10
-161.38358499024983,-93.1748562369075,-623.538290724796,7.781763935536224e-10
-93.17485623690766,-161.38358499024977,-360.00000000000034,7.781763935536224e-10
-3.4231886835463094e-14,-186.34971247381515,-1.3226185430791414e-13,7.781763935536224e-10
93.17485623690744,-161.38358499024986,359.99999999999955,7.781763935536224e-10
161.38358499024974,-93.17485623690766,623.5382907247956,7.781763935536224e-10
0.0,0.0,780.0,7.781230557954866e-10
0.0,0.0,675.4998149518622,7.781230557954866e-10
0.0,0.0,390.0000000000001,7.781230557954866e-10
0.0,0.0,4.776122516674678e-14,7.781230557954866e-10
-0.0,0.0,-389.99999999999983,7.781230557954866e-10
-0.0,0.0,-675.499814951862,7.781230557954866e-10
-0.0,0.0,-780.0,7.781230557954866e-10
-0.0,-0.0,-675.4998149518623,7.781230557954866e-10
-0.0,-0.0,-390.00000000000034,7.781230557954866e-10
-0.0,-0.0,-1.4328367550024033e-13,7.781230557954866e-10
0.0,-0.0,389.9999999999995,7.781230557954866e-10
0.0,-0.0,675.4998149518619,7.781230557954866e-10
149.99999999999997,0.0,300.0,7.610108846619809e-10
129.90381056766577,74.99999999999997,259.8076211353316,7.610108846619809e-10
75.0,129.90381056766577,150.00000000000003,7.610108846619809e-10
9.184850993605147e-15,149.99999999999997,1.8369701987210297e-14,7.610108846619809e-10
-74.99999999999996,129.90381056766577,-149.99999999999994,7.610108846619809e-10
-129.90381056766574,75.00000000000004,-259.80762113533154,7.610108846619809e-10
-149.99999999999997,1.8369701987210294e-14,-300.0,7.610108846619809e-10
-129.9038105676658,-74.99999999999994,-259.80762113533166,7.610108846619809e-10
-75.00000000000006,-129.90381056766574,-150.00000000000014,7.610108846619809e-10
-2.755455298081544e-14,-149.99999999999997,-5.510910596163089e-14,7.610108846619809e-10
74.99999999999989,-129.90381056766583,149.9999999999998,7.610108846619809e-10
129.90381056766574,-75.00000000000006,259.8076211353315,7.610108846619809e-10
150.0000000000001,0.0,300.0,7.610108846619763e-10
129.90381056766591,75.00000000000004,259.8076211353316,7.610108846619763e-10
75.00000000000007,129.9038105676659,150.00000000000003,7.610108846619763e-10
9.184850993605157e-15,150.0000000000001,1.8369701987210297e-14,7.610108846619763e-10
-75.00000000000003,129.9038105676659,-149.99999999999994,7.610108846619763e-10
-129.90381056766586,75.00000000000011,-259.80762113533154,7.610108846619763e-10
-150.0000000000001,1.836970198721031e-14,-300.0,7.610108846619763e-10
-129.90381056766591,-75.00000000000001,-259.80762113533166,7.610108846619763e-10
-75.00000000000013,-129.90381056766586,-150.00000000000014,7.610108846619763e-10
-2.7554552980815465e-14,-150.0000000000001,-5.510910596163089e-14,7.610108846619763e-10
74.99999999999996,-129.90381056766594,149.9999999999998,7.610108846619763e-10
129.90381056766586,-75.00000000000013,259.8076211353315,7.610108846619763e-10
231.82219830937638,0.0,240.0,7.487962062912326e-10
200.7639128970739,115.91109915468817,207.84609690826528,7.487962062912326e-10
115.91109915468822,200.76391289707385,120.00000000000003,7.487962062912326e-10
1.4195015656544037e-14,231.82219830937638,1.469576158976824e-14,7.487962062912326e-10
-115.91109915468813,200.76391289707388,-119.99999999999994,7.487962062912326e-10
-200.76391289707385,115.91109915468827,-207.84609690826522,7.487962062912326e-10
-231.82219830937638,2.8390031313088077e-14,-240.0,7.487962062912326e-10
-200.76391289707394,-115.91109915468812,-207.8460969082653,7.487962062912326e-10
-115.91109915468829,-200.76391289707382,-120.00000000000011,7.487962062912326e-10
-4.2585046969632105e-14,-231.82219830937638,-4.408728476930471e-14,7.487962062912326e-10
115.91109915468803,-200.76391289707396,119.99999999999984,7.487962062912326e-10
200.76391289707382,-115.91109915468829,207.84609690826522,7.487962062912326e-10
231.8221983093764,0.0,240.0,7.487962062912317e-10
200.76391289707394,115.91109915468819,207.84609690826528,7.487962062912317e-10
115.91109915468823,200.76391289707388,120.00000000000003,7.487962062912317e-10
1.4195015656544038e-14,231.8221983093764,1.469576158976824e-14,7.487962062912317e-10
-115.91109915468815,200.7639128970739,-119.99999999999994,7.487962062912317e-10
-200.76391289707388,115.91109915468827,-207.84609690826522,7.487962062912317e-10
-231.8221983093764,2.839003131308808e-14,-240.0,7.487962062912317e-10
-200.76391289707394,-115.91109915468813,-207.8460969082653,7.487962062912317e-10
-115.9110991546883,-200.76391289707385,-120.00000000000011,7.487962062912317e-10
-4.258504696963211e-14,-231.8221983093764,-4.408728476930471e-14,7.487962062912317e-10
115.91109915468805,-200.763912897074,119.99999999999984,7.487962062912317e-10
200.76391289707385,-115.9110991546883,207.84609690826522,7.487962062912317e-10
179.99999999999997,0.0,360.0,7.408441066264941e-10
155.88457268119893,89.99999999999997,311.7691453623979,7.408441066264941e-10
90.0,155.88457268119893,180.00000000000003,7.408441066264941e-10
1.1021821192326178e-14,179.99999999999997,2.2043642384652358e-14,7.408441066264941e-10
-89.99999999999994,155.88457268119893,-179.99999999999991,7.408441066264941e-10
-155.8845726811989,90.00000000000004,-311.76914536239786,7.408441066264941e-10
-179.99999999999997,2.2043642384652355e-14,-360.0,7.408441066264941e-10
-155.88457268119896,-89.99999999999993,-311.769145362398,7.408441066264941e-10
-90.00000000000007,-155.8845726811989,-180.00000000000017,7.408441066264941e-10
-3.306546357697853e-14,-179.99999999999997,-6.613092715395707e-14,7.408441066264941e-10
89.99999999999987,-155.884572681199,179.99999999999977,7.408441066264941e-10
155.88457268119888,-90.00000000000007,311.7691453623978,7.408441066264941e-10
180.0000000000001,0.0,360.0,7.408441066264899e-10
155.88457268119907,90.00000000000004,311.7691453623979,7.408441066264899e-10
90.00000000000007,155.88457268119907,180.00000000000003,7.408441066264899e-10
1.1021821192326185e-14,180.0000000000001,2.2043642384652358e-14,7.408441066264899e-10
-90.00000000000001,155.88457268119907,-179.99999999999991,7.408441066264899e-10
-155.88457268119902,90.00000000000011,-311.76914536239786,7.408441066264899e-10
-180.0000000000001,2.2043642384652374e-14,-360.0,7.408441066264899e-10
-155.88457268119907,-90.0,-311.769145362398,7.408441066264899e-10
-90.00000000000014,-155.88457268119905,-180.00000000000017,7.408441066264899e-10
-3.306546357697855e-14,-180.0000000000001,-6.613092715395707e-14,7.408441066264899e-10
89.99999999999994,-155.88457268119913,179.99999999999977,7.408441066264899e-10
155.88457268119902,-90.00000000000014,311.7691453623978,7.408441066264899e-10
405.6888470414086,0.0,420.0,7.266892965106876e-10
351.3368475698793,202.84442352070428,363.73066958946424,7.266892965106876e-10
202.84442352070437,351.33684756987924,210.00000000000006,7.266892965106876e-10
2.4841277398952063e-14,405.6888470414086,2.5717582782094416e-14,7.266892965106876e-10
-202.84442352070423,351.3368475698793,-209.99999999999991,7.266892965106876e-10
-351.3368475698792,202.84442352070445,-363.7306695894642,7.266892965106876e-10
-405.6888470414086,4.9682554797904126e-14,-420.0,7.266892965106876e-10
-351.33684756987935,-202.84442352070423,-363.7306695894643,7.266892965106876e-10
-202.84442352070448,-351.33684756987924,-210.0000000000002,7.266892965106876e-10
-7.452383219685619e-14,-405.6888470414086,-7.715274834628324e-14,7.266892965106876e-10
202.84442352070403,-351.33684756987947,209.99999999999972,7.266892965106876e-10
351.3368475698792,-202.8444235207045,363.7306695894641,7.266892965106876e-10
405.6888470414087,0.0,420.0,7.266892965106866e-10
351.33684756987935,202.8444235207043,363.73066958946424,7.266892965106866e-10
202.8444235207044,351.3368475698793,210.00000000000006,7.266892965106866e-10
2.4841277398952066e-14,405.6888470414087,2.5717582782094416e-14,7.266892965106866e-10
-202.84442352070425,351.33684756987935,-209.99999999999991,7.266892965106866e-10
-351.33684756987924,202.84442352070448,-363.7306695894642,7.266892965106866e-10
-405.6888470414087,4.968255479790413e-14,-420.0,7.266892965106866e-10
-351.3368475698794,-202.84442352070423,-363.7306695894643,7.266892965106866e-10
-202.8444235207045,-351.3368475698793,-210.0000000000002,7.266892965106866e-10
-7.452383219685619e-14,-405.6888470414087,-7.715274834628324e-14,7.266892965106866e-10
202.84442352070405,-351.3368475698795,209.99999999999972,7.266892965106866e-10
351.3368475698792,-202.84442352070454,363.7306695894641,7.266892965106866e-10
467.6537180435969,0.0,540.0,7.042990714792734e-10
405.00000000000006,233.8268590217984,467.6537180435969,7.042990714792734e-10
233.8268590217985,405.0,270.00000000000006,7.042990714792734e-10
2.863553144557249e-14,467.6537180435969,3.3065463576978534e-14,7.042990714792734e-10
-233.82685902179833,405.00000000000006,-269.9999999999999,7.042990714792734e-10
-404.99999999999994,233.8268590217986,-467.65371804359677,7.042990714792734e-10
-467.6537180435969,5.727106289114497e-14,-540.0,7.042990714792734e-10
-405.0000000000001,-233.8268590217983,-467.65371804359694,7.042990714792734e-10
-233.82685902179864,-404.99999999999994,-270.0000000000002,7.042990714792734e-10
-8.590659433671746e-14,-467.6537180435969,-9.919639073093561e-14,7.042990714792734e-10
233.82685902179813,-405.0000000000002,269.99999999999966,7.042990714792734e-10
404.9999999999999,-233.82685902179864,467.6537180435967,7.042990714792734e-10
467.6537180435968,0.0,540.0,7.042990714792728e-10
405.0,233.82685902179838,467.6537180435969,7.042990714792728e-10
233.82685902179847,404.99999999999994,270.00000000000006,7.042990714792728e-10
2.8635531445572483e-14,467.6537180435968,3.3065463576978534e-14,7.042990714792728e-10
-233.8268590217983,405.0,-269.9999999999999,7.042990714792728e-10
-404.9999999999999,233.82685902179855,-467.65371804359677,7.042990714792728e-10
-467.6537180435968,5.727106289114497e-14,-540.0,7.042990714792728e-10
-405.00000000000006,-233.82685902179827,-467.65371804359694,7.042990714792728e-10
-233.8268590217986,-404.9999999999999,-270.0000000000002,7.042990714792728e-10
-8.590659433671744e-14,-467.6537180435968,-9.919639073093561e-14,7.042990714792728e-10
233.8268590217981,-405.00000000000017,269.99999999999966,7.042990714792728e-10
404.99999999999983,-233.8268590217986,467.6537180435967,7.042990714792728e-10
119.99999999999999,0.0,240.0,6.639568237591432e-10
103.92304845413263,59.999999999999986,207.84609690826528,6.639568237591432e-10
60.00000000000001,103.92304845413261,120.00000000000003,6.639568237591432e-10
7.347880794884118e-15,119.99999999999999,1.469576158976824e-14,6.639568237591432e-10
-59.999999999999964,103.92304845413263,-119.99999999999994,6.639568237591432e-10
-103.92304845413261,60.000000000000036,-207.84609690826522,6.639568237591432e-10
-119.99999999999999,1.4695761589768237e-14,-240.0,6.639568237591432e-10
-103.92304845413264,-59.99999999999996,-207.8460969082653,6.639568237591432e-10
-60.00000000000004,-103.9230484541326,-120.00000000000011,6.639568237591432e-10
-2.2043642384652355e-14,-119.99999999999999,-4.408728476930471e-14,6.639568237591432e-10
59.999999999999915,-103.92304845413267,119.99999999999984,6.639568237591432e-10
103.9230484541326,-60.00000000000005,207.84609690826522,6.639568237591432e-10
120.00000000000009,0.0,240.0,6.639568237591396e-10
103.92304845413273,60.000000000000036,207.84609690826528,6.639568237591396e-10
60.00000000000006,103.9230484541327,120.00000000000003,6.639568237591396e-10
7.347880794884125e-15,120.00000000000009,1.469576158976824e-14,6.639568237591396e-10
-60.000000000000014,103.92304845413271,-119.99999999999994,6.639568237591396e-10
-103.9230484541327,60.000000000000085,-207.84609690826522,6.639568237591396e-10
-120.00000000000009,1.469576158976825e-14,-240.0,6.639568237591396e-10
-103.92304845413273,-60.00000000000001,-207.8460969082653,6.639568237591396e-10
-60.0000000000001,-103.92304845413268,-120.00000000000011,6.639568237591396e-10
-2.204364238465237e-14,-120.00000000000009,-4.408728476930471e-14,6.639568237591396e-10
59.999999999999964,-103.92304845413275,119.99999999999984,6.639568237591396e-10
103.92304845413268,-60.0000000000001,207.84609690826522,6.639568237591396e-10
209.99999999999997,0.0,420.0,6.44354649659303e-10
181.8653347947321,104.99999999999997,363.73066958946424,6.44354649659303e-10
105.00000000000001,181.86533479473206,210.00000000000006,6.44354649659303e-10
1.2858791391047206e-14,209.99999999999997,2.5717582782094416e-14,6.44354649659303e-10
-104.99999999999994,181.8653347947321,-209.99999999999991,6.44354649659303e-10
-181.86533479473206,105.00000000000006,-363.7306695894642,6.44354649659303e-10
-209.99999999999997,2.5717582782094413e-14,-420.0,6.44354649659303e-10
-181.86533479473212,-104.99999999999993,-363.7306695894643,6.44354649659303e-10
-105.00000000000009,-181.86533479473206,-210.0000000000002,6.44354649659303e-10
-3.8576374173141616e-14,-209.99999999999997,-7.715274834628324e-14,6.44354649659303e-10
104.99999999999984,-181.86533479473218,209.99999999999972,6.44354649659303e-10
181.86533479473204,-105.00000000000009,363.7306695894641,6.44354649659303e-10
210.00000000000014,0.0,420.0,6.443546496592994e-10
181.86533479473226,105.00000000000006,363.73066958946424,6.443546496592994e-10
105.0000000000001,181.8653347947322,210.00000000000006,6.443546496592994e-10
1.2858791391047217e-14,210.00000000000014,2.5717582782094416e-14,6.443546496592994e-10
-105.00000000000003,181.86533479473223,-209.99999999999991,6.443546496592994e-10
-181.8653347947322,105.00000000000014,-363.7306695894642,6.443546496592994e-10
-210.00000000000014,2.5717582782094432e-14,-420.0,6.443546496592994e-10
-181.86533479473226,-105.00000000000001,-363.7306695894643,6.443546496592994e-10
-105.00000000000017,-181.8653347947322,-210.0000000000002,6.443546496592994e-10
-3.857637417314165e-14,-210.00000000000014,-7.715274834628324e-14,6.443546496592994e-10
104.99999999999993,-181.86533479473232,209.99999999999972,6.443546496592994e-10
181.86533479473218,-105.00000000000017,363.7306695894641,6.443546496592994e-10
463.64439661875275,0.0,480.0,5.820060901305993e-10
401.5278257941478,231.82219830937635,415.69219381653056,5.820060901305993e-10
231.82219830937643,401.5278257941477,240.00000000000006,5.820060901305993e-10
2.8390031313088073e-14,463.64439661875275,2.939152317953648e-14,5.820060901305993e-10
-231.82219830937626,401.52782579414776,-239.9999999999999,5.820060901305993e-10
-401.5278257941477,231.82219830937655,-415.69219381653045,5.820060901305993e-10
-463.64439661875275,5.6780062626176153e-14,-480.0,5.820060901305993e-10
-401.5278257941479,-231.82219830937623,-415.6921938165306,5.820060901305993e-10
-231.82219830937657,-401.52782579414765,-240.00000000000023,5.820060901305993e-10
-8.517009393926421e-14,-463.64439661875275,-8.817456953860942e-14,5.820060901305993e-10
231.82219830937606,-401.52782579414793,239.9999999999997,5.820060901305993e-10
401.52782579414765,-231.82219830937657,415.69219381653045,5.820060901305993e-10
463.6443966187528,0.0,480.0,5.820060901305987e-10
401.5278257941479,231.82219830937638,415.69219381653056,5.820060901305987e-10
231.82219830937646,401.52782579414776,240.00000000000006,5.820060901305987e-10
2.8390031313088077e-14,463.6443966187528,2.939152317953648e-14,5.820060901305987e-10
-231.8221983093763,401.5278257941478,-239.9999999999999,5.820060901305987e-10
-401.52782579414776,231.82219830937655,-415.69219381653045,5.820060901305987e-10
-463.6443966187528,5.678006262617616e-14,-480.0,5.820060901305987e-10
-401.5278257941479,-231.82219830937626,-415.6921938165306,5.820060901305987e-10
-231.8221983093766,-401.5278257941477,-240.00000000000023,5.820060901305987e-10
-8.517009393926422e-14,-463.6443966187528,-8.817456953860942e-14,5.820060901305987e-10
231.8221983093761,-401.527825794148,239.9999999999997,5.820060901305987e-10
401.5278257941477,-231.8221983093766,415.69219381653045,5.820060901305987e-10
239.99999999999997,0.0,480.0,5.160641997981701e-10
207.84609690826525,119.99999999999997,415.69219381653056,5.160641997981701e-10
120.00000000000001,207.84609690826522,240.00000000000006,5.160641997981701e-10
1.4695761589768237e-14,239.99999999999997,2.939152317953648e-14,5.160641997981701e-10
-119.99999999999993,207.84609690826525,-239.9999999999999,5.160641997981701e-10
-207.84609690826522,120.00000000000007,-415.69219381653045,5.160641997981701e-10
-239.99999999999997,2.9391523179536473e-14,-480.0,5.160641997981701e-10
-207.84609690826528,-119.99999999999991,-415.6921938165306,5.160641997981701e-10
-120.00000000000009,-207.8460969082652,-240.00000000000023,5.160641997981701e-10
-4.408728476930471e-14,-239.99999999999997,-8.817456953860942e-14,5.160641997981701e-10
119.99999999999983,-207.84609690826534,239.9999999999997,5.160641997981701e-10
207.8460969082652,-120.0000000000001,415.69219381653045,5.160641997981701e-10
240.00000000000017,0.0,480.0,5.160641997981671e-10
207.84609690826545,120.00000000000007,415.69219381653056,5.160641997981671e-10
120.00000000000011,207.8460969082654,240.00000000000006,5.160641997981671e-10
1.469576158976825e-14,240.00000000000017,2.939152317953648e-14,5.160641997981671e-10
-120.00000000000003,207.84609690826542,-239.9999999999999,5.160641997981671e-10
-207.8460969082654,120.00000000000017,-415.69219381653045,5.160641997981671e-10
-240.00000000000017,2.93915231795365e-14,-480.0,5.160641997981671e-10
-207.84609690826545,-120.00000000000001,-415.6921938165306,5.160641997981671e-10
-120.0000000000002,-207.84609690826537,-240.00000000000023,5.160641997981671e-10
-4.408728476930474e-14,-240.00000000000017,-8.817456953860942e-14,5.160641997981671e-10
119.99999999999993,-207.8460969082655,239.9999999999997,5.160641997981671e-10
207.84609690826537,-120.0000000000002,415.69219381653045,5.160641997981671e-10
173.86664873203227,0.0,180.0,5.046586379513651e-10
150.57293467280542,86.93332436601612,155.88457268119896,5.046586379513651e-10
86.93332436601615,150.57293467280542,90.00000000000001,5.046586379513651e-10
1.0646261742408026e-14,173.86664873203227,1.1021821192326179e-14,5.046586379513651e-10
-86.9333243660161,150.57293467280542,-89.99999999999996,5.046586379513651e-10
-150.5729346728054,86.9333243660162,-155.88457268119893,5.046586379513651e-10
-173.86664873203227,2.1292523484816056e-14,-180.0,5.046586379513651e-10
-150.57293467280545,-86.93332436601608,-155.884572681199,5.046586379513651e-10
-86.93332436601621,-150.5729346728054,-90.00000000000009,5.046586379513651e-10
-3.193878522722408e-14,-173.86664873203227,-3.3065463576978534e-14,5.046586379513651e-10
86.93332436601602,-150.57293467280547,89.99999999999989,5.046586379513651e-10
150.57293467280536,-86.93332436601622,155.8845726811989,5.046586379513651e-10
173.8666487320323,0.0,180.0,5.046586379513645e-10
150.57293467280545,86.93332436601614,155.88457268119896,5.046586379513645e-10
86.93332436601617,150.57293467280545,90.00000000000001,5.046586379513645e-10
1.064626174240803e-14,173.8666487320323,1.1021821192326179e-14,5.046586379513645e-10
-86.93332436601611,150.57293467280545,-89.99999999999996,5.046586379513645e-10
-150.57293467280542,86.93332436601621,-155.88457268119893,5.046586379513645e-10
-173.8666487320323,2.1292523484816056e-14,-180.0,5.046586379513645e-10
-150.57293467280547,-86.9333243660161,-155.884572681199,5.046586379513645e-10
-86.93332436601622,-150.57293467280542,-90.00000000000009,5.046586379513645e-10
-3.193878522722409e-14,-173.8666487320323,-3.3065463576978534e-14,5.046586379513645e-10
86.93332436601604,-150.57293467280547,89.99999999999989,5.046586379513645e-10
150.5729346728054,-86.93332436601624,155.8845726811989,5.046586379513645e-10
519.6152422706632,0.0,600.0,5.039623075791092e-10
450.00000000000006,259.80762113533154,519.6152422706632,5.039623075791092e-10
259.80762113533166,450.00000000000006,300.00000000000006,5.039623075791092e-10
3.1817257161747206e-14,519.6152422706632,3.6739403974420595e-14,5.039623075791092e-10
-259.8076211353315,450.00000000000006,-299.9999999999999,5.039623075791092e-10
-449.99999999999994,259.80762113533183,-519.6152422706631,5.039623075791092e-10
-519.6152422706632,6.363451432349441e-14,-600.0,5.039623075791092e-10
-450.0000000000001,-259.8076211353315,-519.6152422706633,5.039623075791092e-10
-259.80762113533183,-449.99999999999994,-300.0000000000003,5.039623075791092e-10
-9.545177148524161e-14,-519.6152422706632,-1.1021821192326178e-13,5.039623075791092e-10
259.80762113533126,-450.0000000000002,299.9999999999996,5.039623075791092e-10
449.9999999999999,-259.8076211353319,519.615242270663,5.039623075791092e-10
519.6152422706632,0.0,600.0,5.039623075791088e-10
450.00000000000006,259.80762113533154,519.6152422706632,5.039623075791088e-10
259.80762113533166,450.0,300.00000000000006,5.039623075791088e-10
3.1817257161747206e-14,519.6152422706632,3.6739403974420595e-14,5.039623075791088e-10
-259.8076211353315,450.0,-299.9999999999999,5.039623075791088e-10
-449.99999999999994,259.8076211353318,-519.6152422706631,5.039623075791088e-10
-519.6152422706632,6.363451432349441e-14,-600.0,5.039623075791088e-10
-450.0000000000001,-259.80762113533143,-519.6152422706633,5.039623075791088e-10
-259.80762113533183,-449.9999999999999,-300.0000000000003,5.039623075791088e-10
-9.545177148524161e-14,-519.6152422706632,-1.1021821192326178e-13,5.039623075791088e-10
259.80762113533126,-450.00000000000017,299.9999999999996,5.039623075791088e-10
449.9999999999999,-259.80762113533183,519.615242270663,5.039623075791088e-10
201.87885517996617,0.0,780.0,5.031963183121896e-10
174.83221707277042,100.93942758998307,675.4998149518622,5.031963183121896e-10
100.93942758998311,174.8322170727704,390.0000000000001,5.031963183121896e-10
1.2361514690583881e-14,201.87885517996617,4.776122516674678e-14,5.031963183121896e-10
-100.93942758998304,174.83221707277042,-389.99999999999983,5.031963183121896e-10
-174.8322170727704,100.93942758998317,-675.499814951862,5.031963183121896e-10
-201.87885517996617,2.4723029381167765e-14,-780.0,5.031963183121896e-10
-174.83221707277045,-100.93942758998303,-675.4998149518623,5.031963183121896e-10
-100.93942758998317,-174.8322170727704,-390.00000000000034,5.031963183121896e-10
-3.708454407175164e-14,-201.87885517996617,-1.4328367550024033e-13,5.031963183121896e-10
100.93942758998296,-174.8322170727705,389.9999999999995,5.031963183121896e-10
174.83221707277036,-100.93942758998318,675.4998149518619,5.031963183121896e-10
201.8788551799664,0.0,780.0,5.03196318312189e-10
174.83221707277062,100.93942758998318,675.4998149518622,5.03196318312189e-10
100.93942758998323,174.8322170727706,390.0000000000001,5.03196318312189e-10
1.2361514690583895e-14,201.8788551799664,4.776122516674678e-14,5.03196318312189e-10
-100.93942758998315,174.83221707277062,-389.99999999999983,5.03196318312189e-10
-174.8322170727706,100.93942758998327,-675.499814951862,5.03196318312189e-10
-201.8788551799664,2.4723029381167793e-14,-780.0,5.03196318312189e-10
-174.83221707277065,-100.93942758998314,-675.4998149518623,5.03196318312189e-10
-100.93942758998328,-174.8322170727706,-390.00000000000034,5.03196318312189e-10
-3.7084544071751684e-14,-201.8788551799664,-1.4328367550024033e-13,5.03196318312189e-10
100.93942758998307,-174.8322170727707,389.9999999999995,5.03196318312189e-10
174.83221707277056,-100.93942758998328,675.4998149518619,5.03196318312189e-10
0.0,0.0,840.0,4.913579587471258e-10
0.0,0.0,727.4613391789285,4.913579587471258e-10
0.0,0.0,420.0000000000001,4.913579587471258e-10
0.0,0.0,5.143516556418883e-14,4.913579587471258e-10
-0.0,0.0,-419.99999999999983,4.913579587471258e-10
-0.0,0.0,-727.4613391789284,4.913579587471258e-10
-0.0,0.0,-840.0,4.913579587471258e-10
-0.0,-0.0,-727.4613391789286,4.913579587471258e-10
-0.0,-0.0,-420.0000000000004,4.913579587471258e-10
